Codice;Descrizione;Um1
0001;FARINA CAPUTO 00 SACCOROSSO 25 KG;standard
0002;FARINA CAPUTO 00 PIZZERIA 25 KG;standard
0003;FARINA CAPUTO INTEGRALE 25 KG;standard
0004;FARINA CAPUTO 0 AG MANITOBA KG 25;standard
0005;FARINA CAPUTO 0 MANITOBA ORO 25 KG;standard
0006;FARINA CAPUTO 00 PIZZAMETRO KG 25;standard
0007;FARINA CAPUTO 0 NUVOLA 25 KG;standard
0008;FARINA CAPUTO 0 NUVOLA SUPER 25 KG;standard
0009;FARINA CAPUTO 0 RICCA 25 KG;standard
0010;FARINA CAPUTO 0 SPECIALE 25 KG;standard
0011;FARINA CAPUTO 00 CLASSICA KG 25;standard
0012;FARINA CAPUTO 0 BIOLOGICA KG 25;standard
0013;FARINA CAPUTO 00 SUPERIORE 25 KG;standard
0014;FARINA CAPUTO TIPO 1 STORICA 25 KG;standard
0015;FARINA CAPUTO 0 FROLLA KG 25;standard
0016;FARINA CAPUTO 00 PASTA FRESCA 25 KG;standard
0017;FARINA CAPUTO TIPO 1 STORICA 5 KG;standard
0018;FARINA CAPUTO 0 MANITOBA ORO 5 KG;standard
0019;FARINA CAPUTO 00 CLASSICA KG 5;standard
0020;FARINA CAPUTO 00 CUOCO 5 KG;standard
0021;FARINA CAPUTO INTEGRALE 5 KG;standard
0022;FARINA CAPUTO 00 PASTA FRESCA 5 KG;standard
0023;SACCHETTI CARTA KRAFT 14X28 CM BIANCO;standard
0024;SACCHETTI CARTA KRAFT 14X28 CM AVANA;standard
0025;SACCHETTI CARTA KRAFT 10X20 CM BIANCO;standard
0027;FARINA CAPUTO FIOR DI RISO 500 GR;standard
0028;FARINA CAPUTO FIOREGLUT 1 KG;standard
0030;CUOR DI CEREALI CAPUTO 1 KG;standard
0031;PASTA RUMMO PENNE RIGATE N.66 S/GLUTINE 400 GR;standard
0032;FARINA QUAGLIA 00 W220 25 KG;standard
0033;FARINA QUAGLIA 0 AMERICANA 25 KG;standard
0034;FARINA QUAGLIA 00 GIALLO 25 KG;standard
0035;FARINA QUAGLIA 00 SPECIALE PASTA F. 25 KG;standard
0036;FARINA QUAGLIA 00 ROSSO 25 KG;standard
0037;FARINA ROSSETTO 00 W250 12,50 KG;standard
0038;FARINA ROSSETTO TIPO 1 M.PIETRA 12,50 KG;standard
0039;FARINA ROSSETTO 0 MANITOBA W430 12,50 KG;standard
0040;FARINA ROSSETTO 00 W330 12,50 KG;standard
0041;SEMILAV. 5 STAGIONI NON SOLO GRANO 10 KG;standard
0042;SEMILAV. 5 STAGIONI NUCLEO PIZZA  10 KG;standard
0043;SEMOLA CAPUTO RIMACINATA 5 KG;standard
0045;SEMOLA CASILLO EXTRA ARANCIO 25 KG;standard
0046;SEMOLA CASILLO RIMACINATA 25 KG;standard
0047;SPOLVERPIZZA 5 STAGIONI 10 KG;standard
0048;GRANO COTTO 12 PZ X 580 GR;standard
0049;CARCIOFI A SPICCHIO ITALICA  2,5 KG;standard
0050;OLIVE NERE DENOCCIOLATE IPOSEA 4 KG;standard
0051;MAIS COTTO 12 PZ X 425 GR;standard
0052;PISELLI LATTA FINI LA ROSINA 400 GR;standard
0053;FAGIOLI BIANCHI DI SPAGNA ITALICA 2,5 KG;standard
0054;FAGIOLI BORLOTTI LA TORRENTE 400 GR;standard
0055;FAGIOLI BORLOTTI ITALICA 400 GR;standard
0056;FAGIOLI BORLOTTI ITALICA  2,5 KG;standard
0057;FAGIOLI CANNELLINI LA TORRENTE 400 GR;standard
0058;FAGIOLI CANNELLINI ITALICA 400 GR;standard
0059;FAGIOLI CANNELLINI ITALICA 2,5 KG;standard
0060;FUNGHI CHAMPIGNON ITALICA 2,5 KG;standard
0061;PALLET 80X120 EPAL;standard
0062;FUNGHI CHIODINI ITALICA 2,5 KG;standard
0063;FUNGHI MISTI ITALICA VETRO IN OLIO 3,1 KG;standard
0064;ALICI FILETTO IN OLIO 720 GR;standard
0065;PASTA DE CECCO FETTUCCINE NIDI DI SEMOLA  500 GR;standard
0066;OLIO EXTRAVERGINE PET 5 LT;standard
0067;PASTA DE CECCO PENNE RIGATE N. 41 1 KG;standard
0068;OLIO DI PALMA BIFRAZIONATO 25 LT;standard
0069;OLIO EXTRAVERGINE AL PEPERONCINO BASSO 250 ML;standard
0070;NAVETTE CARTONE BIANCO N.4 10 KG;standard
0071;OLIO GIRASOLE OLITALIA 5 LT;standard
0072;OLIO GIRASOLE DORELLA 5 LT;standard
0073;PASTA DE CECCO RIGATONI N.24 1 KG;standard
0074;PASTA DE CECCO SPAGHETTI N.12 1 KG;standard
0075;KETCHUP DEVELEY SECCHIO 5 KG;standard
0076;MAIONESE GASTRONOMICA TOP SECCHIO 5 KG;standard
0077;NAVETTE CARTONE ORO N.4 10 KG;standard
0078;SALSA CARCIOFI ITALICA 520 GR;standard
0079;POMODORI INSALATA;peso
0080;PESTO GENOVESE BIFFI 980 GR;standard
0081;INSALATA ICEBERG;standard
0082;PATATE VIOLA 5 KG;standard
0083;PASTA DE CECCO LINGUINE N.7 1KG;standard
0084;CONTENITORE ALLUMINIO SUPERPACK 6 PORZ. 50 PZ;standard
0085;ROTOLO ALLUMINIO SUPERPACK AST. 100MT H.30 CM;standard
0086;ROTOLO PELLICOLA SUPERPACK AST. 300 MT H.30 CM;standard
0087;POMODORI PELATI ITALICA 2,5 KG;standard
0088;POMODORI PELATI LA TORRENTE 2,5 KG;standard
0089;POMODORI SAN MARZANO LA TORRENTE 400Gr;standard
0090;POMODORINI COLLINA ITALICA 2,5 KG;standard
0091;POMODORINI DATTERINI DI COLLINA LA TORRENTE 400 GR;standard
0092;ROTOLO PELLICOLA SUPERPACK AST. T300 H.30 CM;standard
0093;PEPE NERO MACINATO ROMA 1 KG;standard
0094;PEPERONCINO FRANTUMATO ROMA 1 KG;standard
0095;FRIARIELLI ALLA NAPOLETANA ITALICA 1 KG;standard
0096;PANCROSTINI DIVELLA 250 Gr;standard
0097;ROTOLO CARTA FORNO SUPERPACK AST. 50 MT H.40 CM;standard
0098;PANNA CUCINA HALTA 200 ML;standard
0099;LIEVITO DI BIRRA ISTANTANEO 5 STAGIONI 500 GR;standard
0100;LIEVITO DI BIRRA PANETTO 500 GR;standard
0102;CRISCITO CAPUTO 1 KG;standard
0103;WURSTEL CON SUINO 1 KG;standard
0104;WURSTEL CON SUINO 25 PZ 100 GR;standard
0105;SALE FINO 25 KG;standard
0106;SALE GROSSO 25 KG;standard
0107;SALE GROSSO ITALKALI 12 PZ X 1 KG;standard
0108;SALE FINO ITALKALI 12 PZ X 1 KG;standard
0109;PORCHETTA NOSTRANA S.V.;peso
0110;PANCETTA ARROTOLATA S/V AZZOLA;peso
0111;TONNO MARE VIVO 80 GR;standard
0112;CONTENITORE ALLUMINIO SUPERPACK 4 PORZ. 100 PZ;standard
0113;CONTENITORE ALLUMINIO SUPERPACK 2 PORZ. 100 PZ;standard
0114;PESTO ALLA GENOVESE TOP 520 GR;standard
0115;CONTENITORE ALLUMINIO TONDO SUPERPACK 31 CM 50 PZ;standard
0116;FARINA 5 STAGIONI 00 PIZZA NAPOLETANA 25 KG;standard
0117;SEMOLA CASILLO TOP GIALLA 25 KG;standard
0118;FARINA DI GRANITO 25 KG;standard
0119;CASSETTA 60X40X10h CM;standard
0120;COPERCHIO PER CASSETTA 60X40 CM;standard
0121;PORTAPASTE ORO  N.2 100 PZ;standard
0122;COPERCHIO PORTAPASTE  N.2 H. 5 CM 50 PZ;standard
0123;FARINA PIZZUTI TIPO 1 ORO 10 KG;standard
0124;LIEVITO SECCO ATTIVO CAPUTO 100 GR;standard
0125;FARINA CAPUTO 00 PIZZERIA 1 KG;standard
0126;POMODORI PELATI LA ROSINA GOLD 2,5 KG;standard
0127;SEDANO;standard
0128;LEGNABOX FAGGIO STAGIONATO 21 KG;standard
0130;FARINA CAPUTO 00 PIZZERIA 5 KG;standard
0131;FARINA 5 STAGIONI 00 ORO 25 KG;standard
0132;FARINA CAPUTO 00 CUOCO 1 KG;standard
0133;FARINA DI RISO SCOTTI 25 KG;standard
0134;PREZZEMOLO;standard
0135;OLIO GIRASOLE ALTO OLEICO 10 LT;standard
0136;FARINA DI SOIA ROSSETTO S. GLUTINE 400 GR;standard
0137;FARINA DI MAIS BRAMATA GIALLA ROSSETTO 1 KG;standard
0138;FOGLIE DI BASILICO FRESCO 500 GR;standard
0139;CARTONI PER PIZZA 32X32 DA 100 PZ;standard
0140;CARTONI PER PIZZA 33X33 DA 100 PZ;standard
0141;CARTONI PER PIZZA 35X56 DA 80 PZ;standard
0142;FARINA ROSSETTO TIPO 2 M.PIETRA 12,50 KG;standard
0143;POMODORINI DATTERINI LA ROSINA 2,5 KG;standard
0144;POMODORINI PICCADILLY;peso
0145;PIATTI MONOUSO PIZZA  20 PZ;standard
0146;GRISSINI CLASSICI 200 GR;standard
0147;SALSICCIA FRESCA AL KG;peso
0148;GUANTI NITRILE NERI 100PZ TAGLIA M;standard
0149;POMOPIZZA DI  POMODORI LUNGHI LA TORRENTE 4,1 KG;standard
0150;POMOPIZZA BAG IN BOX LA TORRENTE 10 KG;standard
0151;GUANTI NITRILE NERI 100PZ TAGLIA L;standard
0152;FUNGHI CHAMPIGNON LA TORRENTE 400 GR;standard
0153;POMOPIZZA LA TORRENTE 2,5 KG;standard
0154;POMODORI PELATI CON BASILICO LA TORRENTE 2,4 KG;standard
0155;NUTELLA VASO 3 KG;standard
0156;ACQUA FIUGGI 6 PZ X 1 LT;standard
0157;OLIO D'OLIVA 5 LT;standard
0158;PASSATA POMOLA' LA TORRENTE 700 GR;standard
0159;NOCI SGUSCIATE 1 KG;standard
0160;GRANELLA DI PISTACCHI 500 GR;standard
0161;GRANELLA DI NOCCIOLE TOSTATE 1 KG;standard
0162;SEMOLA DI GRANO DURO S2 25 KG;standard
0163;FARINA CAPUTO 0 GRANO NOSTRUM 25 KG;standard
0164;PAPRIKA DOLCE BUSTA ROMA 1 KG;standard
0165;GUANTI NITRILE NERI 100PZ TAGLIA XL;standard
0166;PACCHETELLA DI POMODORINO GIALLO LA TORRENTE 1,9 KG;standard
0167;CREMA SPALMABILE CIOCCOLATA BIANCA MADO' 3 KG;standard
0168;POMODORINI GIALLI IN ACQUA E SALE 1 KG;standard
0169;FUNGHI CHAMPIGNON IN OLIO ITALICA 3,1 KG;standard
0170;ROTOLO ALLUMINIO  SUPERPACK RIC. 100 MT H33 CM;standard
0171;POMODORI SECCHI ITALICA 3100 GR;standard
0172;PACCHETELLE DI POMODORINO DEL PIENNOLO DEL V. DOP ITALICA 970 GR;standard
0173;CREMA DI FRIARIELLI DEGA 800 GR;standard
0174;MOZZARELLA MISTA DI BUFALA 250 GR;peso
0175;PASTA DE CECCO FILINI N.181 500 GR;standard
0176;PASTA DE CECCO FUSILLI CORTI BUCATI N.198 500 GR;standard
0177;CREMA PECORINO DOP 540 GR;standard
0178;MELANZANE A FILETTI 580 GR;standard
0179;PASTA DE CECCO TAGLIERINI NIDI DI SEMOLA N.205 500 GR;standard
0180;PASTA DE CECCO CANDELE LUNGHE N.127 500 GR;standard
0181;CREMA NDUJA CALABRA 260 GR;standard
0182;FILETTI LA TORRENTE CON BASILICO FRESCO 530 GR;standard
0185;POMODORI SECCHI ALL'OLIO ITALICA 1 KG;standard
0186;PEPERONI ARROSTITI ITALICA 580 GR;standard
0187;FIOR DI LATTE;peso
0188;PROVOLA;peso
0189;SCAROLE CON OLIVE E CAPERI ITALICA 960 GR;standard
0190;MELANZANE A FILETTI ITALICA 3,1 KG;standard
0191;FARINA ROSSETTO PANETTONE 12,5 KG;standard
0192;CASSETTA CM 60X40X32h;standard
0193;BIRRA NASTRO AZZURRO 24 PZ X 33 CL;standard
0194;CARTONI PER PIZZA 35X56 DA 50 PZ;standard
0195;CARTONI PANUOZZO DA 100 PZ;standard
0196;CIPOLLE AFFETTATE CARAMELLATE TOP FOOD 800 GR;standard
0197;PASTA DE CECCO MEZZI PACCHERI RIGATI N.230 500 GR;standard
0198;POMODORINI GIALLI SEMISECCHI CARBONE 750 GR;standard
0199;CAPPERI PICCOLI AL SALE 1 KG;standard
0200;PROSCIUTTO COTTO SPECIALITA' DEL CASALE;peso
0201;SPECK AZZOLA;peso
0202;POMODORI SECCHI BUSTA AGRICONS 1,7 KG;standard
0203;SALAME NAPOLI;peso
0204;SALSICCIA PICCANTE FRESCA;peso
0205;SALAME SPIANATA PICCANTE;peso
0206;FORMAGGIO DURO 1/8;peso
0207;PASTA DE CECCO GARGANELLI N.115 250 GR;standard
0208;CARTONI PIZZA 24X24 DA 200 PZ;standard
0209;CARTONI PIZZA 29X29 DA 100 PZ;standard
0210;POMOPIZZA LA TORRENTE 4,05 KG;standard
0211;FARINA CAPUTO 0 NUVOLA 1 KG;standard
0212;DATTERINI GIALLI IN SUCCO LA TORRENTE 400 GR;standard
0213;FRIARIELLI IN OLIO DI SEMI LA TORRENTE 800 GR;standard
0214;PROSCIUTTO CRUDO STAGIONATO MONTAGNA 10+;peso
0215;PASTA DE CECCO MEZZI TUFOLI N.30 500 GR;standard
0216;FINOCCHIETTO ROMA 1 KG;standard
0217;LAURO IN FOGLIE TAGLIATE ROMA  1 KG;standard
0218;SALVIA FOGLIE TAGLIATE ROMA 500 GR;standard
0219;ROSMARINO AGHI TAGLIATI ROMA 1 KG;standard
0220;SPICCHI DI CARCIOFI ALL'OLIO ARROSTITI ITALICA 960 GR;standard
0221;PASTA DE CECCO SEDANI RIGATI N.57 500 GR;standard
0222;SACCHI 70X110 AMBRA 18 KG;peso
0223;SUGO AL RAGU' LA TORRENTE 330 GR;standard
0224;SUGO ALLA BOSCAIOLA LA TORRENTE 330 GR;standard
0225;SUGO ALL'AMATRICIANA  LA TORRENTE 330 GR;standard
0226;SUGO CAPPERI E OLIVE LA TORRENTE 330 GR;standard
0227;SUGO ALL'ORTOLANA LA TORRENTE 330 GR;standard
0228;SUGO ALLO SCARPARIELLO LA TORRENTE 330 GR;standard
0229;SUGO AL BASILICO  LA TORRENTE 330 GR;standard
0230;PACCHETELLA DI POMODORINO GIALLO LA TORRENTE 330 GR;standard
0231;FILETTI DI POMODORO CON BASILICO FRESCO LA TORRENTE 330 GR;standard
0232;POMODORI PELATI DELL'AGRO NOCERINO DOP CON BASILICOLA TORRENTE 330 G;standard
0233;PACCHETELLA DI POMODORINO DEL PIENNOLO DEL VESUVIO DOP LA TORRENTE 3;standard
0234;POMODORINI NERI LAVORATI A PACCHETELLA LA TORRENTE 340 GR;standard
0235;SALSA DI CORBARINO IN BOTTIGLIA BIRRA LA TORRENTE 330 GR;standard
0237;SALSA DI POMODORINO GIALLO IN BOTTIGLIA BIRRA LA TORRENTE 330 GR;standard
0238;SUGO ALL'ARRABBIATA LA TORRENTE 330 GR;standard
0239;CUFFIE MONOUSO;standard
0240;COPRISCARPA IN PE CELESTE;standard
0241;TUTA MONOUSO;standard
0242;PASTA DE CECCO TRIVELLI N.60 500 GR;standard
0243;SEMOLA CASILLO RIMACINATA 5 KG;standard
0244;POMODORINI CORBARINI LA TORRENTE 2 KG;standard
0245;PASSATA POMODORI 2,5 KG;standard
0246;FARINA PETRA 3 12,50 KG;standard
0247;FARINA CAPUTO 0 NUVOLA 5 KG;standard
0248;FARINA CAPUTO 0 GRANO NOSTRUM 1 KG;standard
0249;PASTA DE CECCO SEDANINI N.61 500 GR;standard
0250;PASTA DE CECCO SAGNETTE ABBRUZZESI N.89 500 GR;standard
0251;ALICI SALATE IN VASO DELFINO 446 ML;standard
0252;FILETTI DI TONNO OLIO OLIVA VASO DELFINO 870 ML;standard
0253;PATE' DI ACCIUGHE PICCANTE VASO DELFINO 106 ML;standard
0254;FILETTI DI TONNO O.OLIVA VASO DELFINO 212 ML;standard
0255;PASTA DE CECCO ORECCHIETTE N.91 500 GR;standard
0256;PASTA DE CECCO MEZZA ZITA TAGLIATA N.117 500 GR;standard
0257;FARINA CAPUTO 0 MANITOBA ORO 1 KG;standard
0258;"FARINA PIZZUTI ""0"" COSTA D'AMALFI 25 KG";standard
0259;FARINA PIZZUTI TIPO VESUVIO 25 KG;standard
0260;FARINA PIZZUTI TIPO 1 MACINA A PIETRA 10 KG;standard
0261;PASTA SFOGLIA RETTANGOLARE BUITONI 230 GR;standard
0262;FARINA PIZZUTI RUBINO PER FROLLA 25 KG;standard
0263;PESTO BASILICO CON E.V.O. IN O.S.G. ITALICA 212 ML;standard
0264;POMODORI PELATI LA ROSINA 2,5 KG;standard
0265;MORTADELLA IGP OVALE  NEGRONI 4 CASTELLI S.V.;peso
0266;FARINA CAPUTO 00 AMERICANA 25 KG;standard
0267;PROSCIUTTO COTTO PRIMOCOTTO CASA MODENA;peso
0268;FARINA PIZZUTI INTEGRALE 25 KG;standard
0269;OLIO GIRASOLE BASSO LT 1;standard
0270;PROSCIUTTO PARMA S/O;peso
0271;OLIO DI PALMA BIFRAZIONATO BASSO 25 LT;standard
0272;PURE' PFANNI 4 BUSTE 300 GR;standard
0273;PASTA RUMMO BUCATINI N.6 500 GR;standard
0274;SHOPPER BIO 500 PZ 4 KG 30X53;standard
0275;PASSAVERDURE INOX CAMILLA 24 CM;standard
0276;RISO RIBE FINO SCOTTI 1 KG;standard
0277;FARINA PETRA 9 12,50 KG;standard
0278;ORIGANO ROMA 1 KG;standard
0279;BOX CHICKEN 19X13,5X13 CM PERSONALIZZATO;standard
0280;PORTAFRITTI 11X10X12 CM;standard
0281;PORTAFRITTI 13X10X15 CM;standard
0282;POMODORI SAN MARZANO AGRO NOCERINO D.O.P. LA TORRENTE 2,5 KG;standard
0283;POMODORI PELATI MANFUSO BIO 2,5 KG;standard
0284;BIRRA PERONI 24 PZ X 33 CL;standard
0285;BIRRA MORETTI 24 PZ X 33 CL;standard
0286;PATATE A PASTA GIALLA AL KG;peso
0287;CREMA SPRAY MULTIUSO CIF 650 ML;standard
0288;BIRRA ICHNUSA 24 PZ X 33 CL;standard
0289;BIRRA ICHNUSA NON FILTRATA 24 PZ X 33 CL;standard
0290;POMODORINI LA ROSINA 2,5 KG;standard
0291;SPRAY VETRI E MULTIUSO GLASSEX 500 ML;standard
0292;PANNO SCAMOSCIATO MOVIDA 40X35 CM;standard
0293;SPUGNETTE SPIRENETT INOX SPONTEX DA 4 PZ;standard
0294;SPUGNA ABRASIVA SCOTCH BRITE 3 PZ;standard
0295;MACINATO DI BOVINO FRESCO;peso
0296;MASCARPONE YMA 500 GR;standard
0297;PASTA DE CECCO SPAGHETTI N.12 500 GR;standard
0298;PASTA DE CECCO PENNE RIGATE N.41 500 GR;standard
0299;PASTA DE CECCO TORTIGLIONI N.23 500 GR;standard
0300;PASTA DE CECCO TAGLIATELLE UOVO N.304 500 GR;standard
0301;CECI SARA'  500 GR;standard
0302;PORTAPOSATE KRAFT BIANCO;standard
0303;MELANZANE;peso
0304;LIMONI;peso
0305;BURRO YMA 500 GR;standard
0306;PEPERONI;peso
0307;SALMONE NORVEGESE S/PELLE IWP 2 X 125 GR - CF 5 KG;peso
0308;AGLIO MACINATO ROMA 1 KG;standard
0309;FIORDILATTE JULIENNE T7 SOLE MIO 3 KG;standard
0310;PANCETTA DOLCE A CUBETTI 1 KG;standard
0311;GRANELLA DI PISTACCHIO 1 KG;standard
0312;FARINA CAPUTO 00 CLASSICA 1 KG;standard
0313;SEMOLA CAPUTO RIMACINATA 1 KG;standard
0314;FARINA CAPUTO TIPO 1 STORICA 1 KG;standard
0315;FARINA CAPUTO 00 PASTA FRESCA 1 KG;standard
0316;FARINA CAPUTO 00 PASTICCERIA 1 KG;standard
0317;WURSTEL DI POLLO/TACCHINO BONAZZA 1 KG;standard
0318;SALSA RELISH CIPOLLA DEVELEY SQUEEZE 875 ML;standard
0319;PASTA DE CECCO SPAGHETTINI N.11 1 KG;standard
0320;OLIO EXTRAVERGINE DI OLIVA DE CECCO 1 LT;standard
0321;OLIO HAPPY CHEF'S PROFRY 10 LT;standard
0322;GAMBERO SGUSCIATO 80/120 10 PZ X 500 GR;peso
0323;CARTONI PER PIZZA 35X75X5 CM DA 50 PZ;standard
0324;OLIO HAPPY CHEF'S PROFRY MIX 10 LT;standard
0325;OLIO HAPPY CHEF'S DONUT 10 LT;standard
0326;OLIO HAPPY CHEF'S CRISPY CHIPS 10 LT;standard
0327;FAGIOLI BIANCHI DI SPAGNA SARA' 400 GR;standard
0328;SALSA DI DATTERINI DEL FORTORE AI FUNGHI PORCINI LA TORRENTE 330 GR;standard
0329;FARINA CAPUTO 0 ORO SUPER 25 KG;standard
0330;FARINA CAPUTO FIOREGLUT 5 KG;standard
0331;PISELLI IN LATTA SICILSOLE 400 GR;standard
0332;COLOMBA DOLCE NUVOLA LA TORRACA 850 GR;standard
0333;COLOMBA DI BUFALA PISTACCHIO LA TORRACA 1,2 KG;standard
0334;COLOMBA DI BUFALA FRUTTI DI BOSCO LA TORRACA 1,2 KG;standard
0335;COLOMBA DI BUFALA CIOCCOLATO LA TORRACA 1,2 KG;standard
0336;COLOMBA DI BUFALA LIMONE LA TORRACA 1,2 KG;standard
0337;COLOMBA DI BUFALA NOCCIOLA LA TORRACA 1,2 KG;standard
0338;COLOMBA DI BUFALA FICHI, NOCI E MANDORLE LA TORRACA 1,2 KG;standard
0339;COLOMBA DI BUFALA CARAMELLO LA TORRACA 1,2 KG;standard
0340;POMODORI PELATI LA TORRENTE 400 GR;standard
0342;"FARINA PIZZUTI ""0"" COSTA D'AMALFI 5 KG";standard
0343;"FARINA PIZZUTI ""0"" VESUVIO 5 KG";standard
0344;"FARINA PIZZUTI ""0"" PULCINELLA 5 KG";standard
0345;SEMOLA PIZZUTI RIMACINATA SENATORE CAPPELLI 5 KG;standard
0346;PASTA MOLISANA SPAGHETTI N.15 500 GR;standard
0347;PASTA MOLISANA MACCHERONI  N.37 500 GR;standard
0348;COLOMBA DI BUFALA ALBICOCCA PELLECCHIELLA LA TORRACA 1,2 KG;standard
0349;COLOMBA DI BUFALA GASTRONOMICA LA TORRACA 1,2 KG;standard
0350;CRACKERS SALATI DE CECCO 12X250 GR;standard
0351;PASTA DE CECCO FUSILLI N.34 1 KG;standard
0352;CREMA NOCI TOP 500 GR;standard
0353;PESTO PISTACCHI TOP 500 GR;standard
0354;MAIONESE KRAFT GASTRONOMICA 5 KG;standard
0355;CACIORICOTTA DI PECORA;peso
0356;COLOMBA CIOCCOLATO E AMARENA LA TORRACA 1,2 KG;standard
0357;SHOPPER LUXURY LA TORRACA;standard
0358;SALSA BARBECUE SQUEEZER TOP 1170 GR;standard
0359;CREMA 4 FORMAGGI TOP 800 GR;standard
0360;POMODORINI DATTERINI LA TORRENTE 2,5 KG;standard
0361;POMODORINI GIALLI LA TORRENTE 2 KG;standard
0362;VENTRICINA PICCANTE;peso
0363;BIRRA DREHR 24 X 33 CL;standard
0364;BIRRA CORONA 24 X 33 CL;standard
0365;POMODORINI DATTERINI LA ROSINA 400 GR;standard
0366;GRANA PADANO S.V.;peso
0367;SEMOLA PIZZUTI RIMACINATA KG 10;standard
0368;PASTA SFOGLIA SAN GIORGIO 10 KG;standard
0369;ROTOLONI 2 PZ 2,5 KG;standard
0370;TOVAGLIOLI 38X38 CM DOPPIOVELO;standard
0371;FOGLI HD 25X37 CM 4 KG;standard
0372;FORCHETTE 50 PZ;standard
0373;"FARINA PIZZUTI ""0"" PLATINUM 5 KG";standard
0374;FARINA PIZZUTI TIPO 1 MAC. PIETRA 5 KG;standard
0375;MIX PIZZUTI MULTICEREALI 10 KG;standard
0376;KETCHUP TOP SECCHIO 5 KG;standard
0377;FARINA PIZZUTI MANITOBA 1 KG;standard
0378;FRIARIELLI IN OLIO LA TORRENTE 400 GR;standard
0379;FARINA CAPUTO 0 NUVOLA SUPER 5 KG;standard
0380;SALE MARINO FINO INTEGRALE RISERVA DEL MARE PRESIDIO SLOW FOOD FINO;standard
0381;SALE MARINO GROSSO INTEGRALE RISERVA DEL MARE PRESIDIO SLOW FOOD 1 K;standard
0382;CRISTALLI DI SALE MARINO INT. RISERVA DEL MARE P. SLOW FOOD 300 GR;standard
0383;FIOR DI SALE MARINO INTEGRALE RISERVA DEL MARE PRESIDIO SLOW FOOD 12;standard
0384;FARINA PIZZUTI PER PIZZA 1 KG;standard
0385;FARINA PIZZUTI PER DOLCI 1 KG;standard
0386;PASSATA DI POMODORI LA ROSINA 680 GR;standard
0387;SEMOLA RIMACINATA PIZZUTI 1 KG;standard
0388;FARINA PIZZUTI PER PASTA 1 KG;standard
0389;FARINA PIZZUTI TIPO 00 1 KG;standard
0390;CETRIOLINI SACLA' 290 GR;standard
0391;MELANZANE A FILETTI IN O.S.G. ITALICA 960 GR;standard
0392;SPECK IGP 1/2 SENFTER;peso
0393;PORCHETTA DI ARICCIA IGP AFFETTATA;peso
0394;PREZZEMOLO FOGLIETTE ROMA 500 GR;standard
0395;FRIARIELLI IN OLIO LA TORRENTE 1400 GR;standard
0396;POMODORI PELATI SOLEA 2,5 KG;standard
0397;PASTA DE CECCO TUFOLI 500 GR;standard
0398;PASTA DE CECCO PACCHERI 500 GR;standard
0399;SALE FINO ITALKALI PIU' IODIO 1 KG;standard
0400;FARINA DA SPOLVERO PIZZUTI 5 KG;standard
0401;PROSCIUTTO CRUDO NAZIONALE S/O;peso
0402;OLIO E.V.O. BUSTINE TOP 100X10 Ml;standard
0403;PASTA DE CECCO LINGUINE N.7  500 GR;standard
0404;PASTA DE CECCO PAPPARDELLE UOVO  500 GR;standard
0405;PASTA DE CECCO PAPPARDELLE N.201 500 GR;standard
0406;PASTA DE CECCO ZITA N.18 500 GR;standard
0407;PASTA DE CECCO PASTA MISTA N.120 500 GR;standard
0408;GRANA PADANO GRATTUGIATO VIRGILIO 1 KG;standard
0409;"FARINA PIZZUTI ""0"" PULCINELLA 10 KG";standard
0410;"FARINA PIZZUTI ""0"" COSTA D'AMALFI 10 KG";standard
0411;FARINA PIZZUTI TIPO 1 MAC. PIETRA 1 KG;standard
0412;PARMIGIANO REGGIANO GRATTUGIATO VIRGILIO 1 KG;standard
0413;PASTA DE CECCO PENNE LISCE  N.40 500 GR;standard
0414;PASTA DE CECCO RIGATONI N.24 500 GR;standard
0415;PASTA DE CECCO FARFALLE N.93 500 GR;standard
0416;PASTA DE CECCO CASARECCIA N.88 500 GR;standard
0417;GNOCCHI  DE CECCO 500 GR;standard
0418;PASTA DE CECCO GRAMIGNA N.31 500 GR;standard
0419;SALSA AGRODOLCE DEVELEY 875 ML;standard
0420;SALE IODATO BUSTINE TOP 800 PZ X 1 GR;standard
0421;ACETO BIANCO TOP BUSTINE 100 X 5 ML;standard
0422;"FARINA PIZZUTI ""0"" GOLD 25 KG";standard
0423;"FARINA PIZZUTI ""0"" PLATINUM 25 KG";standard
0424;PASTA DE CECCO TAGLIATELLE N.203 500 GR;standard
0425;PASTA DE CECCO BUCATINI N.15 500 GR;standard
0426;PASTA DE CECCO PACCHERI RIGATI N.130 500 GR;standard
0427;ACETO BIANCO PET 12 PZ  X 1 LT;standard
0428;PANNA CUCINA 20 X 500 ML;standard
0429;SPIEDINI BAMBOO 20 CM 100 PZ;standard
0430;PASSATA CON BASILICO LA TORRENTE 700 GR;standard
0431;PASSATA RUSTICA LA TORRENTE 700 GR;standard
0432;"PACCHETELLA LA TORRENTE ""PIENNOLO DEL VESUVIO DOP"" 2 KG";standard
0433;SPRAY STACCANTE IPSA 500 ML;standard
0434;PASTA DE CECCO FETTUCCELLE N.6 500 GR;standard
0435;PASTA DE CECCO SPAGHETTINI N.11 500 GR;standard
0436;ZUCCHERO SEMOLATO 1 KG;standard
0437;ZUCCHERO ZEFIRO BUSTINE 5 KG;standard
0438;FARINA CAPUTO FIOR DI CECI 500 GR;standard
0439;FARINA CAPUTO FIOR DI LENTICCHIE ROSSE 500 GR;standard
0440;FARINA CAPUTO FIOR DI PISELLI 500 GR;standard
0441;FARINA CAPUTO FIOR DI POLENTA 500 GR;standard
0442;SEMOLA ROCCASALVA S2 25 KG;standard
0443;SEMOLA ROCCASALVA RIMACINATA M 25 KG;standard
0444;SEMOLA ROCCASALVA RIMACINATA SPECIALE 25 KG;standard
0445;POMODORI MARZANINO LA TORRENTE 400 GR;standard
0446;POMOMODORI PELATI SAN MARZANO DOP LA TORRENTE 400 GR;standard
0447;POMODORI SORRENTO A CUBETTI LA TORRENTE 330 GR;standard
0448;POMODORINI DATTERINI BIO LA TORRENTE 400 GR;standard
0449;POMODORI PELATI BIO LA TORRENTE 400 GR;standard
0450;PASSATA POMOLA' BIO 700 GR;standard
0451;ROTOLO BUSTE;standard
0452;STRUTTO SECCHIO KG 15;standard
0453;SPECK IGP 1/2 MOSER;peso
0456;JAGERMEISTER AMARO 1 LT;standard
0457;BIRRA TENNENT'S 24 PZ X 33 CL;standard
0458;COCA COLA EUROPA 1,5 LT;standard
0459;COCA COLA ZERO 1,5 LT;standard
0460;COCA COLA LATTINA 33 CL;standard
0461;BIRRA HEINEKEN 24 PZ X 33 CL;standard
0462;BIRRA PERONI 15 PZ X 66 CL;standard
0463;BIRRA FISCHER 12 PZ X 65 CL;standard
0464;BIRRA NASTRO AZZURRO 12 PZ X 62 CL;standard
0465;AMARO DEL CAPO 70 CL;standard
0466;BIRRA HEINEKEN 15 PZ X 66 CL;standard
0477;MAIONESE 75% TOP 300 PZ X 12 GR;standard
0478;KETCHUP TOP 300 PZ X 12 GR;standard
0479;FARINA 5 STAGIONI INTEGRALE TIPO GROSSO SUPER 10 KG;standard
0481;FILI DI PEPERONCINO SOTTILI 50 GR;standard
0489;OLIO EXTRAVERGINE LAMANTEA 20 FILARI 100% IT 500 ML;standard
0491;PASTA DI GRAGNANO IGP 500 GR;standard
0492;SPAGHETTI OG PASTA DI GRAGNANO IGP 24 PZ X 500 GR;standard
0494;FUSILLI OG PASTA DI GRAGNANO IGP 20 PZ X 500 GR;standard
0495;BIRRA MORETTI 15 PZ X 66 CL;standard
0496;RED BULL 24 PZ X 25 CL;standard
0507;PIZZA WINE VINO BIANCO FRIZZANTE 0,75 LT;standard
0519;APEROL  1 LT;standard
0520;GIN TANQUERAY 70 CL;standard
0521;DATTERINI GIALLI LA TORRENTE 800 GR;standard
0531;OLIVE AMMACCATE SOTT'OLIO CASA IUORIO 314 ML;standard
0536;AMERICAN STYLE BBQ RUB 95 GR;standard
0539;SMOKED BBQ RUB 85 GR;standard
0540;SPG SALT PEPPER & GARLIC BBQ RUB 110 GR;standard
0542;ITALIAN STYLE BBQ RUB 110 GR;standard
0546;PEPE CUBEBE DI GIAVA GRANI 60 GR;standard
0548;PEPE LUNGO HINDI PIPPALI 80 GR;standard
0549;PEPE MELEGUETA GRANI DEL PARADISO 105 GR;standard
0551;PEPE SANSHO 40 GR;standard
0554;PEPE VERDE DISIDRATATO 50 GR;standard
0556;AMAZONAS YELLOW TABASCO IN PEZZI 50 GR;standard
0561;JALAPENO GREEN IN PEZZI 50 GR;standard
0562;SALE ROSA HIMALAYA FINO 185 GR;standard
0564;SALE GRIGIO HIMALAYA GRANI 185 GR;standard
0565;SALE NERO VIOLA HIMALAYA KALA NAMAK 170 GR;standard
0569;SALE NERO BLACK LAVA FIOCCHI NERI DI CIPRO 85 GR;standard
0570;SALE GRIGIO BRETONE GUERANDE GRANI 130 GR;standard
0573;SALE ALGARVE FLOR DE SAL 150 GR;standard
0577;NATURAL SUN YELLOW 65 GR;standard
0589;PEPE ASSAM SELVATICO 90 GR;standard
0593;FUNGHI NAMEKO IN BUSTA 1,2 KG;standard
0594;FARINA ROSSETTO BIOLOGICA 12.50 KG;standard
0596;PANCETTA ARROTOLATA NAPUTECA;peso
0597;CICCIOLI 1/4 ITALICA;peso
0598;"FARINA PIZZUTI ""0"" PULCINELLA 25 KG";standard
0601;SASSOLA PLASTICA 33 CM;standard
0602;RASCHIETTO RETT.RE INOX 7,5X15 CM;standard
0603;PASSATA LA TORRENTE 2,5 KG;standard
0607;TAGLIERE TONDO LEGNO GIREVOLE 35 CM;standard
0608;TAGLIERE TONDO LEGNO CON MANICO 38 CM;standard
0611;FUNGHI NAMEKO IN SALAMOIA;peso
0615;SPUMANTE MILLESIMATO FILARE 16 75 CL;standard
0618;FUNGHI ARROSTITI VASO ITALICA 1 KG;standard
0619;OLIO GIRASOLE DORELLA 12 PZ X 1 LT;standard
0620;PACCHETELLE DI POM.PIZZUTELLO ROSSO 1000 GR;standard
0621;PACCHETELLE DI POM.PIZZUTELLO GIALLO 1000 GR;standard
0622;DATTERINI IN VETRO 580 GR;standard
0623;POMODORINI GIALLI  IN VETRO 580 GR;standard
0624;PASTA FRESCA MEZZI PACCHERI;peso
0625;PASTA FRESCA SCIALATIELLI;peso
0626;PASTA FRESCA RAVIOLI RICOTTA;peso
0627;PASTA FRESCA RAVIOLI MOZZARELLA E MELENZANE;peso
0628;PORTAPASTE DOUBLE MIS 23X36X6 PERLORO MOMI;standard
0629;PORTAPASTE DOUBLE MIS 21X30X6 PERLORO MOMI;standard
0630;PORTAPASTE DOUBLE MIS 15X21X6 PERLORO MOMI;standard
0631;SACCHETTI CARTA KRAFT 12X24 CM BIANCO;standard
0632;CONTENITORE ALLUMINIO 514 PZ 50;standard
0633;PASTA FRESCA RAVIOLI RICOTTA E MOZZARELLA;peso
0634;PASTA FRESCA TAGLIOLINI;peso
0635;PASTA FRESCA FUSILLI;peso
0636;FARINA CAPUTO 0 ARIA 25 KG;standard
0637;PASTA FRESCA GNOCCHI;peso
0638;PASTA FRESCA SPAGHETTI;peso
0639;MESTOLO NYLON NERO;standard
0640;ROTELLA TAGLIAPIZZA ACCIAIO INOX;standard
0641;PALETTA HAMBURGER NYLON NERO;standard
0642;PALETTA CUCINA NYLON NERO;standard
0643;FORBICI CUCINA CON DISTANZIATORE;standard
0644;BISCOTTI DORIA ATENE 12 PZ X 500 GR;standard
0645;SCAROLE IN OLIO ITALICA 3,1 KG;standard
0646;PASTA DE CECCO FETTUCCINE UOVO N.303 500 GR;standard
0647;PARMIGIANO REGGIANO 1/8;peso
0648;PASTA FRESCA RAVIOLI CAPRESE;peso
0649;PASTA FRESCA SPAGHETTONI;peso
0650;FARINA CAPUTO 0 ARIA 5 KG;standard
0651;RISO ARBORIO GALLO 1 KG;standard
0652;DATTERINO ROSSO INTERO AL NATURALE 1062 ML CARBONE;standard
0653;DATTERINO GIALLO INTERO AL NATURALE 1062 ML CARBONE;standard
0654;ROTOLO PELLICOLA 300 MT;standard
0655;BICCHIERI 200 CC 100 PZ;standard
0656;FARINA CAPUTO FIOREGLUT DOLCI 1 KG;standard
0657;PEPE ROSA INTERO 1° SCELTA;peso
0658;FARINA 5 STAGIONI 00 PIZZA NAPOLETANA 10 KG;standard
0659;FILETTI DI ALACCE IN OLIO 720 GR;standard
0660;CARTA IGIENICA 2V SPESA AMICA 4 RT X 10 CF;standard
0661;CARTA IGIENICA 2V DELICATA 12 RT X 8 CF;standard
0662;TOVAGLIOLI MONOVELO IN TAVOLA;standard
0663;ROTOLONI LUXCART 2 PZ 2,2 KG;standard
0664;ROTOLONI DAHLIA JUMBO 2 PZ;standard
0665;TONNO NOSTROMO 3 PZ X 70 GR;standard
0667;SALAME TIPO NAPOLI AZZOLA;peso
0668;SALAME TIPO MILANO AZZOLA;peso
0669;SPIANATA ROMANA PICCANTE AZZOLA;peso
0670;SALSICCIA NAPOLI PICCANTE DRITTA BASTONE AZZOLA;peso
0671;MORTADELLA 'LA BUONISSIMA' AZZOLA;peso
0672;PROS.COTTO 'RICCO' AZZOLA;peso
0673;PASSATA DI POMODORO ITALICA 2,5 KG;standard
0675;FUSTO B. NASTRO AZZURRO 30 LT;standard
0676;FUSTO B. PERONI GRAN R. DOPPIO MALTO 16 LT;standard
0677;FUSTO B. PERONI RISERVA RED 16 LT;standard
0678;COCA COLA VAP 33 CL;standard
0679;COCA COLA ZERO VAP 33 CL;standard
0680;ACQUA NATIA PET 24 PZ X 50 CL;standard
0681;ACQUA NATIA VAR 20 PZ X 50 CL;standard
0682;ACQUA FERRARELLE VAR 20 PZ X 50 CL;standard
0683;ACQUA FERRARELLE PET 24 PZ X 50 CL;standard
0686;SPRITE VAP 33 CL;standard
0687;FANTA VAP 33 CL;standard
0689;MAIONESE CLASSICA TOP 300 PZ X 12 GR;standard
0690;AGLIO IN POLVERE GARGIULO 500 GR;standard
0691;PEPERONI A FILETTI VASO 1 KG;standard
0693;BROCCA GRADUATA 1 LT;standard
0694;COPERCHIO PER CASSETTA 30X40 CM;standard
0695;CASSETTA CM 30X40X10h CM;standard
0696;PEPERONI A FILETTI VASO ITALICA 3,1 KG;standard
0697;TONNO RIO MARE O. OLIVA  65GR  SG 52 GR;standard
0698;TONNO RIO MARE BUSTA O. OLIVA SG 62 GR;standard
0699;TONNO PALMERA  O. OLIVA  80 GR;standard
0700;SIMMENTHAL 90 GR;standard
0701;FARINA 5 STAGIONI TIPO 1 MAC. A PIETRA 10 KG;standard
0702;MAIONESE DEVELEY BS 100 PZ  X 15 ML;standard
0703;PROSCIUTTO COTTO SCELTO 'MAGENTA' AZZOLA;peso
0704;PROSCIUTTO COTTO 'MAGRO' AZZOLA;peso
0705;PROSCIUTTO COTTO ALTA QUALITA' PARMACOTTO;peso
0706;PROSCIUTTO COTTO ACCATTAT. PARMACOTTO;peso
0707;PROSCIUTTO CRUDO S/O ADD. GR. RISERVA BOSCHI;peso
0708;PROSCIUTTO CRUDO S/O PRESS. GR. RISERVA BOSCHI;peso
0711;FORCHETTINA DESSERT 6 PZ;standard
0712;WURSTEL EVVIVA POL/TAC 1 KG;standard
0713;WURSTEL EVVIVA POL/TAC 40 PZ X 100 GR;standard
0716;CONTENITORE  ALLUMINIO TONDO 33 CM PZ 50;standard
0717;ROTOLONI 2 PZ 1,8 KG;standard
0718;PORTAPASTE N.1;standard
0719;COPERCHIO PORTAPASTE N.1;standard
0720;ROTOLO TERMICO 80X80 10 PZ;standard
0721;ROTOLO TERMICO PER POS 57X20 10 PZ;standard
0722;PIATTI PORTA PIZZA 31,5 CM;standard
0724;PANCETTA ARROTOLATA AL PEPE S/V AZZOLA;peso
0725;KETCHUP DEVELEY BS 100 PZ X 15 Ml;standard
0726;SALSA BARBECUE DEVELEY SQUEEZE 875 ML;standard
0727;MAIONESE GASTRON.  DEVELEY SECCHIO 5 KG;standard
0728;MAIONESE DELICATA 25 % DEVELEY SECCHIO 5 KG;standard
0729;SALSA DI SOIA KIKKOMAN 1 LT;standard
0730;SALSA DI SOIA KIKKOMAN 150 ML;standard
0731;TABASCO RED PEPPER 350 ML;standard
0732;TABASCO RED PEPPER 60 ML;standard
0733;TABASCO JALAPENO SAUCE  60 ML;standard
0734;TABASCO CHIPOTLE SAUCE  60 ML;standard
0735;TABASCO RED PEPPER 150 ML;standard
0736;TABASCO HABANERO SAUCE  60 ML;standard
0737;TABASCO SRIRACHA SAUCE 256 ML;standard
0738;PROSCIUTTO PARMA DIS. MONTEFIORE ORO PRESS.;peso
0739;PROSCIUTTO PARMA DIS. MONTEFIORE ORO ADD.;peso
0740;PROSCIUTTO CRUDO DIS. MONTEFIORE DOLCE DUCHESSA PRESS.;peso
0746;MOZZARELLA DI LATTE DI BUFALA SENZA LATTOSIO;peso
0747;TOPPING FRUTTI DI BOSCO 1 KG;standard
0748;TOPPING CARAMELLO 1 KG;standard
0749;TOPPING CIOCCOLATO 1 KG;standard
0750;ZUCCHERO A VELO PAVONE 1 KG;standard
0751;RICOTTA DI BUFALA 250 GR;peso
0753;RETE 18X100 MT;standard
0754;SEMOLA EXTRA DE VITA SPECIALE 14 100% ITA 25 KG;standard
0755;FARINA 0 PIZZA MORBIDA 25 KG;standard
0756;FARINA 0 PIZZA CREATIVA 25 KG;standard
0757;CUORI DI CARCIOFI ITALICA 2,5 KG;standard
0758;POMODORINO DEL PIENNOLO DEL VESUVIO DOP ITALICA 1 KG;standard
0759;FARINA CAPUTO 0 ARIA 1 KG;standard
0764;SPICCHI DI CARCIOFI CONDITI ITALICA 3,1 KG;standard
0765;OLIVE DENOCCIOLATE NERE ITALICA 3,1 KG;standard
0766;POLPA BAG IN BOX ITALICA 10 KG;standard
0768;MELONI VERDI;peso
0769;PANETTONE AI FICHI, NOCI E MANDORLE LA TORRACA 1,2 KG;standard
0770;PANETTONE CLASSICO LA TORRACA 1,2 KG;standard
0771;PANETTONE AL CIOCCOLATO LA TORRACA 1,2 KG;standard
0772;PANETTONE ALLA NOCCIOLA LA TORRACA 1,2 KG;standard
0773;PANETTONE AL PISTACCHIO LA TORRACA 1,2 KG;standard
0774;PANETTONE MANDORLATO LA TORRACA 1,2 KG;standard
0775;PANETTONE AL LIMONE LA TORRACA 1,2 KG;standard
0776;PANETTONE AL CARAMELLO LA TORRACA 1,2 KG;standard
0777;PANETTONE AI FRUTTI DI BOSCO LA TORRACA 1,2 KG;standard
0778;"FARINA PIZZUTI ""0"" COSTA D'AMALFI ORO 25 KG";standard
0780;CARTONI PER PIZZA 35X65 DA 60 PZ;standard
0781;CANDEGGINA UP 4 LT;standard
0782;DETERGENTE PIATTI LIMONE UP 4 LT;standard
0783;GUANTI NITRILE NERI 100 PZ TAGLIA S;standard
0784;STUZZICADENTI IMBUSTATI 1000 PZ;standard
0785;BICCHIERI KRISTAL 50 PZ 390 ML;standard
0786;PROSCIUTTO CRUDO DIS. MONTEFIORE NAPOLEONE  ADD.;peso
0787;"FARINA PIZZUTI ""0"" PULCINELLA ORO 25 KG";standard
0788;CARTA PAGLIA 30X40 CM;standard
0789;CANNUCCE 16 CM 500 PZ;standard
0790;MORTADELLA BONFATTI CLASSICA MEZZA;peso
0793;PROSCIUTTO COTTO TIZIANO PARMACOTTO;peso
0794;IGIENE INTERCALARE PZ 200;standard
0795;ASCIUGAMANO A Z 150PZ;standard
0796;SHOPPER BIODEGRADABILI 250 PZ 27X50;standard
0797;BUSTE AMBRA 90X120 CM 18 KG;standard
0798;SALE MALDON 1,4 KG;standard
0799;ORIGANO MONTOSCO ITA 120 GR;standard
0800;PEPERONCINO MONTOSCO AMANDO 165 GR;standard
0801;MACININO MEDIO SALE SICILIA MONTOSCO 270 GR;standard
0802;MACININO MEDIO PEPE NERO MONTOSCO 125 GR;standard
0803;MACININO MEDIO SALE HIMALAYA MONTOSCO 270 GR;standard
0804;MACININO MEDIO MIX PEPI MONTOSCO 110 GR;standard
0805;MACININO PICCOLO PEPE SZECHUAN MONTOSCO 20 GR;standard
0806;MACININO PICCOLO PEPE BOURBON MONTOSCO 38 GR;standard
0807;MACININO PICCOLO PEPE NERO MONTOSCO 43 GR;standard
0808;TUBO PICCOLO PEPERONCINI FILI MONTOSCO 40 GR;standard
0809;SALE SMOKED MALDON 125 GR;standard
0810;SALE MALDON 125 GR;standard
0811;SALE MALDON 250 GR;standard
0812;SALE MALDON TUB 570 GR;standard
0813;PECORINO ROMANO DOP 1/8;peso
0814;FORMAGGIO DURO 1/8 MASER;peso
0815;MIX FORMAGGIO GRATTUGIATO MASER 1 KG;standard
0816;FORMI FORMAGGIO GRATTUGIATO MASER 1 KG;peso
0817;GRANA PADANO GRATTUGIATO 1 KG;peso
0818;PESTATO DI FRIARIELLI IN O.S.G.  ITALICA 580 ML;standard
0819;PASTA DE CECCO CALAMARATA 500 GR;standard
0820;FARINA DE CECCO 00 1 KG;standard
0821;POMODORINI DE CECCO 400 GR;standard
0822;PASTA DE CECCO INTEGRALE PENNE RIGATE N.41 500 GR;standard
0823;PASTA DE CECCO INTEGRALE FUSILLI N.34 500 GR;standard
0824;PASTA DE CECCO INTEGRALE FARFALLE N.93 500 GR;standard
0825;PASTA DE CECCO PENNE A CANDELA N.340 500 GR;standard
0826;PASTA DE CECCO SPAGHETTONI N.412 500 GR;standard
0827;PASTA DE CECCO GNOCCHETTI SARDI N.83 500 GR;standard
0828;PASTA DE CECCO SPAGHETTONI QUADRATI N.413 500 GR;standard
0829;PASTA DE CECCO STRANGOZZI N.212 500 GR;standard
0830;PASTA DE CECCO TAGLIOLINI N.206 500 GR;standard
0831;PASTA DE CECCO TRIPOLINE N.211 500 GR;standard
0832;PASTA DE CECCO LASAGNETTE N.202 500 GR;standard
0833;PASTA DE CECCO TAGLIATELLINE N.204 500 GR;standard
0834;PASTA DE CECCO CAPELLINI N.9 500 GR;standard
0835;PASTA DE CECCO FEDELINI N.10 500 GR;standard
0836;PASTA DE CECCO TRIPOLINE N.3 500 GR;standard
0837;PASTA DE CECCO ZITA TAGLIATA N.118 500 GR;standard
0838;PASTA DE CECCO MILLERIGHE N.25 500 GR;standard
0839;PASTA DE CECCO CONCHIGLIETTE PICCOLI N.53 500 GR;standard
0840;PASTA DE CECCO MEZZI DITALI LISCI N.158 500 GR;standard
0841;PASTA DE CECCO GHIOTTOLE N.134 500 GR;standard
0842;PASTA DE CECCO CAVATAPPI N.87 500 GR;standard
0843;PASTA DE CECCO FESTONATI N.22 500 GR;standard
0844;PASTA DE CECCO GALLETTI N.44 500 GR;standard
0845;PASTA DE CECCO GNOCCHI N.46 500 GR;standard
0846;PASTA DE CECCO ROMBI N.121 500 GR;standard
0847;PASTA DE CECCO CONCHIGLIETTE RIGATE N.51 500 GR;standard
0848;PASTA DE CECCO TROFIE N.188 500 GR;standard
0849;PASTA DE CECCO MAFALDINE N.2 500 GR;standard
0850;PASTA DE CECCO LASAGNA  N.112 500 GR;standard
0851;PASTA DE CECCO LUMACONI RIGATI N.123 500 GR;standard
0852;PASTA DE CECCO RIGATONI NAPOLETANI N.124 500 GR;standard
0853;PASTA DE CECCO PACCHERI N.125 500 GR;standard
0854;PASTA DE CECCO CONCHIGLIONI RIGATI N.126 500 GR;standard
0855;POMODORI SECCHI IN O.S.G CARBONE 1062 ML;standard
0856;SEMOLA DE CECCO RIMACINATA 1 KG;standard
0857;PASTA DE CECCO INTEGRALE SPAGHETTI N.12 500 GR;standard
0858;PASTA DE CECCO FUSILLI N.34 500 GR;standard
0859;FARINA ROSSETTO 00 W330 1 KG;standard
0860;FARINA ROSSETTO 00 W400 1 KG;standard
0861;FARINA ROSSETTO MANITOBA BRIK 750 GR;standard
0862;FARINA ROSSETTO TIPO 1 BIO M.PIETRA 500 GR;standard
0863;FARINA ROSSETTO INTEGRALE 100% ITA 1 KG;standard
0864;FARINA ROSSETTO MANITOBA 1 KG;standard
0865;FARINA ROSSETTO MISC PIZZA CON LIEVITO ISTAN 750 GR;standard
0866;FARINA ROSSETTO MISC PIZZA CON LIEVITO MADRE 750 GR;standard
0867;FARINA ROSSETTO PER FRITTURA 750 GR;standard
0868;POMODORI GIALLI A SPICCHI SEMIDRIED IN O.S.G CARBONE 1062 ML;standard
0869;FARINA ROSSETTO TIPO 2 BIO M.PIETRA 500 GR;standard
0870;CARCIOFI ARROSTI A SPICCHI ITALICA 3,1 KG;standard
0871;DETERGENTE UP PER MANI 4 LT;standard
0872;PESTO PISTACCHIO 60% MARULLO 1 KG;standard
0873;FECOLA DI PATATE 25 KG;standard
0874;PANE PANKO PAVONE SECCHIO 1,5 KG;standard
0876;PASTA DE CECCO TORTIGLIONI N.523 500 GR;standard
0877;COLOMBA MANDORLATA LA TORRACA 1,2 KG;standard
0878;COLOMBA AI FICHI E MANDORLE LA TORRACA 1,2 KG;standard
0879;COLOMBA AL CIOCCOLATO LA TORRACA 1,2 KG;standard
0880;COLOMBA AL PISTACCHIO LA TORRACA 1,2 KG;standard
0881;COLOMBA ALLA NOCCIOLA LA TORRACA 1,2 KG;standard
0882;COLOMBA AL LIMONE LA TORRACA 1,2 KG;standard
0883;COLOMBA AL CARAMELLO LA TORRACA 1,2 KG;standard
0884;COLOMBA AI FRUTTI DI BOSCO LA TORRACA 1,2 KG;standard
0885;UOVO AL LATTE CON NOCCIOLE 500 GR;standard
0886;UOVO AL LATTE CON PISTACCHIO 500 GR;standard
0887;BABA' IN VASOCOTTURA AL LIMONCELLO 500 GR;standard
0888;BABA' IN VASOCOTTURA AL RUM 500 GR;standard
0889;PROSCIUTTO DI PARMA S/O PRESS. VITALI;peso
0890;PROSCIUTTO DOLCECUORE RISERVA VITALI;peso
0891;PROSCIUTTO CRUDO S/O PRESS.7+ VITALI;peso
0892;PROSCIUTTO CRUDO NAZ.GRAN SAPORE S/O PRESS.VITALI;peso
0893;PROSCIUTTO COTTO MOTTA LEONE D'ORO;peso
0894;CARPACCIO DI BRESAOLA MOTTA;peso
0895;PORCHETTA ARROSTO MOTTA;peso
0896;OLIO EXTRAV. BUSTINE TOP 300 PZ X 10 ML;standard
0897;ACETO BIANCO TOP BUSTINE 300 PZ X 5 ML;standard
0898;OLIVE TAGGISCHE CON OLIO E.V.O. CARBONE 1062 ML;standard
0899;SALE IODATO BUSTINE TOP 2000 PZ X 1 GR;standard
0900;POMODORINI ROSSI SEMIDRIED CARBONE 1062 ML;standard
0901;POMODORINI GIALLI SEMIDRIED CARBONE 1062 ML;standard
0902;ACQUA LILIA PET CL 24 PZ X 50 CL;standard
0903;OLIO GIRASOLE ALTO OLEICO OLITALIA 10 LT;standard
0904;FARINA ROSSETTO INTEGRALE 12,50 KG;standard
0905;PEPSI  LATTINA 33 CL;standard
0906;CONTENITORE ALLUMINIO 101 2 PORZ 100 PZ;standard
0907;PARMIGIANO REGGIANO D.O.P. GRATTUGIATO 1 KG;standard
0908;PECORINO ROMANO D.O.P. GRATTUGIATO 5 KG;standard
0909;PECORINO GRATTUGIATO 5 KG;standard
0910;SCAGLIE DI GRANA PADANO 500 GR;standard
0911;COCA COLA ZERO LATTINA 33 CL;standard
0912;MAIONESE CLASSICA DEVELEY SQUEEZE 875 ML;standard
0913;KETCHUP DEVELEY SQUEEZE 875 ML;standard
0914;SALSA HAMBURGER DEVELEY SQUEEZE 875 ML;standard
0915;SALSA CHEDDAR DEVELEY SQUEEZE 875 ML;standard
0916;DRESSING YOUGURT DEVELEY 230 ML;standard
0917;CREMA DI ZUCCA IN O.S.G ITALICA 580 ML;standard
0918;CREMA DI NOCI CON O.E.V.O. IN O.S.G. ITALICA 580 ML;standard
0919;CREMA DI CARCIOFI CON O.E.V.O. IN O.S.G. ITALICA 580 ML;standard
0920;CREMA DI AGLIO URSINO CON O.E.V.O. IN O.S.G. ITALICA 212 ML;standard
0921;OLIO GIRASOLE OLITALIA 10 LT;standard
0922;OLIO D'OLIVA OLITALIA 5 LT;standard
0923;OLIO EXTRAVERGINE PET OLITALIA 5 LT;standard
0924;OLIO DI PALMA FRIDEAL OLITALIA 10 LT;standard
0925;PANNA CUCINA HALTA 500 ML;standard
0926;CONTENITORE ALLUMINIO 1 PORZ 100 PZ;standard
0927;CONTENITORE ALLUMINIO 4 PORZ 100 PZ;standard
0928;CONTENITORE ALLUMINIO 4 PORZ ALTA  100 PZ;standard
0929;CONTENITORE ALLUMINIO 6 PORZ 50 PZ;standard
0930;POMODORI ROSSI A SPICCHI SEMIDRIED IN O.S.G. CARBONE 1062 ML;standard
0931;POMODORI VERDI A SPICCHI SEMIDRIED IN O.S.G. CARBONE 1062 ML;standard
0932;CREMA DI ZUCCA CARBONE  580 ML;standard
0933;CREMA DI FRIARIELLI CARBONE  580 ML;standard
0934;CREMA DI BARBABIETOLA CARBONE  580 ML;standard
0935;CREMA DI TOPINAMBUR CARBONE  580 ML;standard
0936;CREMA DI SCAROLE CARBONE  580 ML;standard
0937;CREMA DI CAROTE VIOLA CARBONE  580 ML;standard
0938;ASSOLUTO DI POMODORO CARBONE  580 ML;standard
0939;CONTENITORE ALLUMINIO 109 1/2 PORZ 100 PZ;standard
0940;BASILICO FRESCO;standard
0941;AGLIO FRESCO;peso
0942;COCA COLA ZERO PET 45 CL;standard
0944;SPRITE LATTINA 33 CL;standard
0945;FANTA LATTINA 33CL;standard
0946;ACQUA MINERALE SAN BENEDETTO 24 PZ X 50 CL;standard
0947;MALTO DIASTASICO 5 KG;standard
0948;MAIS BONDUELLE 300 GR X 3 PZ;standard
0949;OLIO AROMATIZZATO AL PEPERONCINO OLITALIA 0,25 LT;standard
0950;OLIO AROMATIZZATO AL LIMONE OLITALIA 0,25 LT;standard
0951;OLIO AROMATIZZATO AL BASILICO OLITALIA 0,25 LT;standard
0952;OLIO AROMATIZZATO AL TARTUFO OLITALIA 0,25 LT;standard
0953;OLIO AROMATIZZATO ALL'ORIGANO OLITALIA 0,25 LT;standard
0954;OLIO EXTRA CARNE 100% IT OLITALIA 0,50 LT;standard
0955;OLIO EXTRA PESCE 100% IT OLITALIA 0,50 LT;standard
0956;OLIO EXTRA PIZZOLIVM 100% IT OLITALIA 0,50 LT;standard
0957;OLIO EXTRAVERGINE OLITALIA 1 LT;standard
0958;GLASSA ACETO BALSAMICO OLITALIA 0,50 LT;standard
0959;DEODORANTE AMBIENTE;standard
0960;PAGLIETTE ARIX;standard
0961;DETERGENTE PAVIMENTI TERS 4 LT;standard
0962;BICCHIERI KRISTAL 50 PZ 100 ML;standard
0963;SACCHETTI PER PANE 22X44 10 KG;standard
0964;ACQUA SORGESANA 6 PZ X 2 LT;standard
0965;PASSATA DI POMODORO GIALLO ITALICA 1062 ML;standard
0966;BLACK ANGUS MANZO AFF. S.V. BERNARDINI;peso
0967;CICCIOLI DA 1/4 SV;peso
0968;PANCETTA ARROTOLATA INTERA MARTONE SALUMI;peso
0969;PANCETTA PAESANA C/CARTA INT.;peso
0970;CIALDE CAFFE' STRONG 150 PZ;standard
0971;KIT ACCESSORI CAFFE';standard
0972;LIEVITO SECCO ATTIVO CAPUTO 500 GR;standard
0973;OLIO EVO AROMAT. ARANCIA GARGIULO 500 ML;standard
0974;PROSCIUTTO COTTO A META' MOTTA LEONE D'ORO;peso
0975;CICCIOLI ITALICA A CUBETTI 1,5 KG;standard
0976;MANDORLE AGFFETTATE GARGIULO 1 KG;peso
0977;RUCOLA 500 GR;standard
0978;BRESAOLA MOTTOLINI G.GUSTO S/V;peso
0979;CAPRINO TOSCANO A CAGLIO VEGETALE BUSTI S/V F.I.;peso
0980;PECORINO CON PISTACCHIO VERDE DI BRONTE BUSTI S/V F.I.;peso
0981;PECORINO CON PERE E ZENZERO S/V F.I. BUSTI;peso
0982;PECORINO CON PEPE NERO S/V F.I. BUSTI;peso
0983;PECORINO CON NOCI S/V F.I. BUSTI;peso
0984;PECORINO TOSCANO DOP S/V F.I. BUSTI;peso
0985;PECORINO RONCIONE A LATTE CRUDO F.I. BUSTI;peso
0986;MARZOLINO TOSCANO S/V F.I. BUSTI;peso
0987;PECORINO AFFINATO IN VINACCE ARRICCHITE S/V F.I. BUSTI;peso
0988;PASCOLI DI PIENZA E VAL D'ORCIA S/V F.I. BUSTI;peso
0989;TRE LATTI LARI A CAGLIO VEGETALE S/V F.I. BUSTI;peso
0990;PECORINO METELLO S/V F.I. BUSTI;peso
0991;LA MINI PECORA VERA S/V F.I. BUSTI;peso
0992;PECORINO CON TARTUFO S/V F.I. BUSTI;peso
0993;PECORINO CON MANDORLE S/V F.I. BUSTI;peso
0994;PECORINO CON PEPERONCINO S/V F.I. BUSTI;peso
0995;BICARBONATO DI SODIO BRIK PAVONE 500 GR;standard
0996;BICARBONATO DI SODIO PAVONE 1 KG;standard
0997;FIOCCHI DI PATATE PAVONE 5 KG;standard
0998;PANATURA GOLD PAVONE 1 KG;standard
0999;PANATURA CORN FLAKES PAVONE 1 KG;standard
1000;PANE GRATTUGGIATO PAVONE 1 KG;standard
1001;FILI DI PEPERONCINO BRIK PAVONE 50 GR;standard
1002;TEMPURA BUTTER MIX PAVONE 1 KG;standard
1003;MANDORLE PELATE A FETTE PAVONE 1 KG;standard
1004;NOCI SGUSCIATE PAVONE 1 KG;standard
1005;GRANELLA DI PISTACCHIO PAVONE 1 KG;standard
1006;ORIGANO PAVONE 1 KG;standard
1007;PAPRIKA DOLCE PAVONE 1 KG;standard
1008;PEPE NERO MACINATO PAVONE 1 KG;standard
1009;PEPERONCINO FRANTUMATO PAVONE 1 KG;standard
1010;CIPOLLA CROCCANTE BRIK PAVONE 200 GR;standard
1011;ORIGANO BRIK PAVONE 200 GR;standard
1012;PEPE NERO MACINATO BRIK PAVONE 350 GR;standard
1013;PEPERONCINO FRANTUMATO BRIK PAVONE 300 GR;standard
1014;SALE AFFUMICATO BRIK PAVONE 750 GR;standard
1015;MIX ARROSTO SECCHIO PAVONE 2,5 KG;standard
1016;SALAME NAPOLI PICCANTE;peso
1017;SALAME NAPOLI JULIENNE;peso
1018;SALAME NAPOLI PICCANTE JULIENNE;peso
1019;TOVAGLIOLI MONOVELO WOW;standard
1020;PROSCIUTTO CRUDO DIS. MONTEFIORE NAPOLEONE  PRESS.;peso
1021;MORTADELLA BOLOGNA IGP CASA MODENA 1/2 SV;peso
1022;MORTADELLA C/PISTACCHIO CASA MODENA 1/2 SV;peso
1023;SALAME DIAVOLA PICCANTE CASA MODENA;peso
1024;SALAME SPIANATA PICCANTE CASA MODENA;peso
1025;GUANCIALE NAZIONALE CASA MODENA;peso
1026;SPECK MONT. GRAN RESA 1/2 SENFTER;peso
1027;LARDO PATA NEGRA CAVAZZUTI;peso
1028;PESTATO DI ZUCCHINE IN O.S.G. ITALICA 580 ML;standard
1029;ACETO BALSAMICO DI MODENA OLITALIA 5 LT;standard
1030;GORGONZOLA BERGADER 100G;standard
1031;CAPOCOLLO A META' SV BOMBIERI;peso
1032;PASTA RUMMO SPAGHETTI N.5 3 KG;standard
1033;PASTA RUMMO ELICOLIDALI N.49 3 KG;standard
1034;PASTA RUMMO LINGUINE N.13 3 KG;standard
1035;PASTA RUMMO MEZZE PENNE RIGATE N.28 3 KG;standard
1036;PASTA RUMMO PENNE RIGATE N.66 3 KG;standard
1037;PASTA RUMMO SPAGHETTI N.5 500 GR;standard
1038;PEPSI COLA 1,5 LT;standard
1039;ACQUA SAN BENEDETTO 6 PZ 1,5 LT;standard
1040;ACQUA SAN BENEDETTO PET 24 PZ Z 50 CL;standard
1041;THE PESCA LATTINA SAN BENDETTO 33 CL;standard
1042;THE LIMONE LATTINA SAN BENEDETTO 33 CL;standard
1043;LEMON SODA LATTINA 33 CL;standard
1044;COCA COLA PET 45 CL;standard
1045;PASSATA DI POMODORI GIOIELLO DI NAPOLI 680 GR;standard
1046;FRIARIELLI AL NATURALE GIOIELLO DI NAPOLI 800 GR;standard
1047;VENTRICINA PICCANTE AZZOLA;peso
1048;SEMI FINOCCHIETTO PAVONE 1 KG;standard
1049;SALSA CHEDDAR TANICA 2,3 KG;standard
1050;SALSA  WESTERNBURGER DELUXE  TOP FOOD SQ. 470 Gr;standard
1051;FARINA ROSSETTO INTEGRALE FOGLIA LARGA  KG 25;standard
1052;CIPOLLA CROCCANTE PAVONE 1 KG;standard
1053;FARINA ROSSETTO 00 ROSETTE KG 25;standard
1054;ROTOLO ALLUMINIO 150 MT;standard
1055;CUCCHIAINI CM 15 BIO 500 PZ;standard
1056;PROSCIUTTO COTTO AQ AFFETTATO CASA MODENA 300 GR;standard
1057;PROSCIUTTO COTTO CASA MODENA GRAN BLU;peso
1058;TACCHINO ARROSTO CASA MODENA;peso
1059;PANCETTA STUFATA SENFTER;peso
1060;ACETO DI VINO BIANCO ANDREA MILANO 1 LT;standard
1061;ACETO DI VINO ROSSO ANDREA MILANO 1 LT;standard
1062;ACETO BALSAMICO DI MODENA IGP ANDREA MILANO 500 GR;standard
1063;ACETO DI MELE ANDREA MILANO 500 GR;standard
1064;CREMA DI ACETO BALSAMICO DI MODENA IGP ANDREA MILANO 500 GR;standard
1065;ACETO DI ALCOOL CLASSICO ANDREA MILANO 1 LT;standard
1066;BRESAOLA PUNTA D'ANCA BIGOOD PINI;peso
1067;BRESAOLA PUNTA D'ANCA DELLA VALTELLINA IGP PINI;peso
1068;CARPACCIO DI MANZO PINI;peso
1069;PROSCIUTTO COTTO SOLE BOTTICELLO FRANCHI;peso
1070;PROSCIUTTO COTTI GIANO ALTA QUALITA' FRANCHI;peso
1071;PROSCIUTTO COTTO 1/2 CASA MODENA GRAN BLU;peso
1072;PRINCIPE RISO CARNAROLI FOOD SERVICE 1 KG;standard
1073;PRINCIPE RISO ARBORIO FOOD SERVICE 1 KG;standard
1074;PRINCIPE RISO NERONE FOOD SERVICE 1 KG;standard
1075;PRINCIPE RISO RIBE PARBOILED FOOD SERVICE 1 KG;standard
1076;PRINCIPE RISO CARNAROLI FOOD SERVICE 5 KG;standard
1077;PRINCIPE RISO ARBORIO FOOD SERVICE 5 KG;standard
1078;PRINCIPE RISO CARNAROLI ATM 1 KG;standard
1079;PRINCIPE RISO ARBORIO ATM 1 KG;standard
1080;PRINCIPE RISO VIALONE NANO ATM 1 KG;standard
1081;PRINCIPE RISO ORIGINARIO SV 1 KG;standard
1082;PRINCIPE RISO BASMATI ATM 1 KG;standard
1083;PRINCIPE RISO RIBE SV 1 KG;standard
1084;PRINCIPE RISO PER RISOTTI ATM 1 KG;standard
1085;PRINCIPE RISO PARBOILED INSALATE SV 1 KG;standard
1086;PANCETTA ARROTOLATA SELEZIONE ITALICA;peso
1087;SOPPRESSATA PAESANA SELEZIONE ITALICA;peso
1088;SALSICCIA NAZIONALE SELEZIONE ITALICA;peso
1089;SALSICCIA NAZIONALE PICCANTE SELEZIONE ITALICA;peso
1090;CAPICOLLO PAESANO SELEZIONE ITALICA;peso
1091;CACIOCAVALLO LATTERIA SORESINA;peso
1092;PASTA FRESCA ORECCHIETTE NONNA VIOLA 500 GR;standard
1093;PASTA FRESCA TROFIE NONNA VIOLA 500 GR;standard
1094;PASTA FRESCA CORTECCE NONNA VIOLA 500 GR;standard
1095;PASTA FRESCA SPAGHETTI ALLA CHITARRA NONNA VIOLA 500 GR;standard
1096;PASTA FRESCA FUSILLI AVELLINESI NONNA VIOLA 500 GR;standard
1097;PASTA FRESCA FUSILLI NAPOLETANI NONNA VIOLA 500 GR;standard
1098;PASTA FRESCA PACCHERI NONNA VIOLA 500 GR;standard
1099;PASTA FRESCA SCIALATIELLI NAPOLETANI NONNA VIOLA 500 GR;standard
1100;PASTA FRESCA SCILATIELLI SORRENTINI NONNA VIOLA 500 GR;standard
1101;PASTA FRESCA CAVATELLI NONNA VIOLA 500 GR;standard
1102;PASTA FRESCA CALAMARATA NONNA VIOLA 500 GR;standard
1103;PASTA FRESCA GNOCCHI NONNA VIOLA 500 GR;standard
1104;BURRO YMA 250 GR;standard
1105;BURRO NEW ITALBUTTER 500 GR;standard
1106;GORGONZOLA DOLCE 1/8;peso
1107;GORGONZOLA DOLCE PORZIONATO;peso
1108;MORTADELLA AFFETTATA CASA MODENA 250 GR;standard
1109;PEZZI DI TONNO O/SEMI DUE PAVONI IN BUSTA DA 1 KG;standard
1110;FILETTI DI ALICI IN O/SEMI DELFINO 1500 ML;standard
1111;FILETTI DI ALICI IN O/SEMI DELFINO 540 ML;standard
1112;FILETTI DI TONNO IN O/OLIVA DELFINO 540 ML;standard
1113;COLATURA DI ALICI DORICA DELFINO 100 ML;standard
1114;LARDO PAESANO SELEZIONE ITALICA;peso
1115;GUANCIALE PAESANO SELEZIONE ITALICA;peso
1116;PANCETTA RUSTICA SELEZIONE ITALICA;peso
1117;BIRRA PERONI LEMON 24 PZ X 33 CL;standard
1118;GORGONZOLA PICCANTE 1/8;peso
1119;FORMAGGIO SPALMABILE ALPIGIANA BAYERNLAND 1,5 KG;standard
1120;CHEDDAR A FETTE;standard
1121;CHEDDAR BLOCCO 3 KG;peso
1122;EDAM BLOCCO 3 KG;peso
1123;EMMENTHAL BAVARESE BLOCCO 3 KG;peso
1124;ASIAGO DOP;peso
1125;PASTA FILATA DA 1 KG C.;peso
1126;PASTA FILATA DA 5 KG C.;peso
1127;PECORINO ROMANO DOP BUCCIA NERA 1/8;peso
1128;PROVOLONE DEL MONACO DOP;peso
1129;CIPOLLA FRITTA CROCCANTE ROMA BUSTA 500 GR;standard
1130;RISO ARBORIO SCOTTI 1 KG;standard
1131;BIRRA PERONI CHILL 24 PZ X 33 CL;standard
1132;PANCETTA TESA SELEZIONE ITALICA;peso
1133;FAGIOLI CANNELLINI SARA' 12 PZ X 400 GR;standard
1134;FAGIOLI BORLOTTI SARA' 12 PZ X  400 GR;standard
1135;PISELLI SARA' 12 PZ X  400 GR;standard
1136;LATTE PARZIALMENTE SCREMATO UHT YMA 1 LT;standard
1137;PROSCIUTTO CRUDO DIS. MONTEFIORE DOLCE DUCHESSA ADDOBBO;peso
1138;PASTA DE CECCO VERMICELLI N.170 500 GR;standard
1139;PASTA DE CECCO PENNE PICCOLE LIS. N.240 500 GR;standard
1140;BOCCIOLI DI CARCIOFI IN OLIO AGRICONS 3 KG;standard
1141;CARCIOFI A SPICCHI AL NATURALE QUALITA' EXTRA AGRICONS 3 KG;standard
1142;CARCIOFI A SPICCHI ALLA VILLANELLA QUALITA' EXTRA BST AGRICONS 1,7 K;standard
1143;CARCIOFI ALLA ROMANA CON GAMBO IN O.G. NAZ.LATTA AGRICONS 3 KG;standard
1144;CARCIOFI SPACCATI GRIGLIATI IN O.G. LATTA AGRICONS 1 KG;standard
1145;CARPACCIO DI CARCIOFI LATTA AGRICONS 1 KG;standard
1146;POMODORINI ROSSI SEMISECCHI IN O.G. LATTA AGRICONS 1 KG;standard
1147;PASSATA DI POMODORINI GIALLI AGRICONS 1KG;standard
1148;POMODORI MEZZO SOLE IN O.G.VV AGRICONS 1700 GR;standard
1149;FUNGHI PORCINI TRIFOLATI LATTA AGRICONS 1 KG;standard
1150;CIPOLLE DI TROPEA IGP ESSICCATE LATTA AGRICONS 1 KG;standard
1151;CIPOLLE ROSSE CARAMELLATE BUSTA AGRICONS 800 GR;standard
1152;ZUCCHINE A SCAPECE LATTA 1 KG;standard
1153;FRIARIELLI IN FOGLIA IN OLIO E.V.O. LATTA AGRICONS 1 KG;standard
1154;FRIARIELLI CON GAMBI IN O.G. ALLA NAPOLETANA LATTA AGRICONS 1 KG;standard
1155;POMODORI SECCHI A FILETTI BUSTA AGRICONS 800 GR;standard
1156;MELENZANE GRIGLIATE IN O.G. LATTA AGRICONS 1 KG;standard
1157;OLIVE NERE DENOCCIOLATE BUSTA AGRICONS 1,7 KG;standard
1158;OLIVE NERE RONDELLE  BUSTA AGRICONS 1,7 KG;standard
1159;FARINA ROSSETTO 0 CROISSANT W420 12,50 KG;standard
1160;FARINA ROSSETTO BAGUETTE 12,50 KG;standard
1161;SALSA BARBECUE DEVELEY SECCHIO 5 KG;standard
1162;SALSA ROSA DEVELEY SQUEEZE 875 ML;standard
1163;SALE PASTICCONI 25 KG;standard
1164;CURRY PAVONE DISP. 500 GR;standard
1165;BIRRA CERES 24 PZ X 33 CL;standard
1166;FARINA ROSSETTO 00 W390 12,50 KG;standard
1167;ZUCCHINE;peso
1168;"OLIVE VERDI DOLCI ""00"" GRANDI MICCIO 8,5 KG";standard
1169;OLIVE VERDI TONDE MICCIO 8,5 KG;standard
1170;OLIVE NERE DENOCCIOLATE MICCIO 8 KG;standard
1171;FARINA ROSSETTO TIPO 1 12,50 KG;standard
1172;MASCHERINE FILTRANTE 5 PZ;standard
1173;SCOTCH TRASPARENTE 50 MM X 60 MT;standard
1174;ESTENSIBILE MANUALE 2,2 KG;standard
1175;KETCHUP HEINZ SQUEEZE 875 ML;standard
1176;MAIONESE HEINZ SQUEEZE 875 ML;standard
1177;BBQ SAUCE HEINZ SQUEEZE 875 ML;standard
1178;YELLOW MUSTARD HEINZ SQUEEZE 875 ML;standard
1179;KETCHUP HEINZ BUSTINE 200 PZ X 10 ML;standard
1180;MAIONESE HEINZ BUSTINE 200 PZ X 10 ML;standard
1181;MAIONESE HEINZ PROFESSIONAL 5LT;standard
1182;MAIONESE HEINZ GASTRONOMICA 5LT;standard
1183;BARBECUE SAUCE HEINZ 2,15 LT;standard
1184;BIRRA BECK'S 24 PZ X 33 CL;standard
1185;REMIX FORMAGGIO GRATTUGIATO 5 KG;standard
1186;ESTATHE LIMONE LATTINA 24 PZ X 33 CL;standard
1187;ESTATHE PESCA LATTINA 24 PZ X 33 CL;standard
1188;MOZZARELLA DI BUFALA DOP ITALICA 180 GR;peso
1189;PANNO MULTIUSO ARIX 3 PZ;standard
1190;SECCHIO 10 LT;standard
1191;PEPSI LEMON LATTINA 33 CL;standard
1192;MALTO DIASTASICO ROSSETTO 1 KG;standard
1193;OLIO GIRASOLE BASSO 5 LT;standard
1194;OLIO GIRASOLE ALTO OLEICO BASSO 10 LT;standard
1195;OLIO EXTRAVERGINE  BASSO PET 5 LT;standard
1196;OLIO EXTRAVERGINE BASSO 250 ML;standard
1197;BICCHIERI KRISTAL 50 PZ 200 CL;standard
1198;PATATA FRITTURA CRISPS4ALL 12 KG;standard
1199;CARTA FORNO CUKI 6 MT;standard
1200;SAPONE MANI 4 LT;standard
1201;MOCHO VILEDA;standard
1202;PASTA RUMMO LINGUINE N.13 500 GR;standard
1203;PASTA RUMMO SPAGHETTI N.3 500 GR;standard
1204;PASTA RUMMO SPAGHETTONI N.220 500 GR;standard
1205;PASTA RUMMO RIGATONI N.50 500 GR;standard
1206;PASTA RUMMO PENNE RIGATE N.66 500 GR;standard
1207;ASTICE CANADA 350/400 - CT 5 KG;peso
1208;SALMONE TRANCIO 200 / 250 IWP - CT 8 KG;peso
1209;COCKTAIL DI MARE MAROCCO BST 1 KG - CT 6 KG;peso
1210;CODE DI GAMBERI 30 / 40 2 KG - CT 10 KG;peso
1211;SEPPIOLINE INDIA 40 / 60 1 KG;peso
1212;VONGOLE BIANCHE BST 1 KG;peso
1213;POLIPO MAROCCO T6 0,800/1 KG  FIORE 1 X 12;peso
1214;CALAMARI MAROCCO 3P TERRA IWP - CT 20 KG (4X5);peso
1215;COZZE CON GUSCIO 40/60 BST1 KG - CT 9 KG;peso
1216;MIELE CASTAGNO BIO 300GR;standard
1217;PASTA DE CECCO CANNELLONI ALL'UOVO 500 GR;standard
1218;CESTA RETT. NAT./ROSSA 31 36X22H10 CM;standard
1219;CESTA RETT. NAT./ROSSA 45 50X35H12 CM;standard
1220;NDUJA DI SPILINGA CASA MODENA 400 GR;peso
1221;CACAO IN POLVERE KG 1;standard
1222;SALAME NAPOLI JULIENNE ATM ITALICA;peso
1223;SALAME PICCANTE JULIENNE ATM ITALICA;peso
1224;MIELE CASTAGNO VASTAPI 1 KG;standard
1225;PORCHETTA MONTAGNA 1/2 SENFTER;peso
1226;SCHIACCIATA PICCANTE 1/2 SAL DEL CASTEL;peso
1227;NDUJA PICCANTE SAL DEL CASTEL  500 GR;peso
1228;PORCHETTA AL FORNO AZZOLA;peso
1229;PROSCIUTTO COTTO AFFETTATO 500 GR;standard
1230;FARINA COCCO RAPEE 250 GR;standard
1231;CREMA PISTACCHIO 560 GR;standard
1232;SOTTILETTE AL PARMIGIANO REGGIANO 250 GR;standard
1233;PROSCIUTTO COTTO SCELTO AFFUMICATO;peso
1234;PORCHETTA AL FORNO AFFETTATA 500 GR;standard
1235;FORCHETTINE 2 PUNTE 1000 PZ;standard
1236;SPIEDINI BAMBOO 25 CM 100 PZ;standard
1237;PANDORO ALLO SPRITZ MAINA 750GR;standard
1238;PANETTONE MINI S/CANDITI MAINA 100 GR;standard
1239;PANETTONE SOFFICE S/CANDITI MAINA 700 GR;standard
1240;MAIONESE GASTRON. PREMIUM DEVELEY SECCHIO 5 KG;standard
1241;CIOTOLA TONDA 1300 ML 18 Ã˜ 25 PZ;standard
1242;COPERCHIO CIOTOLA TONDA 15 Ã˜ MM PZ 25;standard
1243;COPERCHIO CIOTOLA TONDA 18 Ã˜ MM PZ 25;standard
1244;CIOTOLA TONDA 1000 ML 15 Ã˜ PZ 25;standard
1245;FOGLIETTI HD 4 KG;standard
1246;GAMBERO SGUSCIATO 26/30 10 PZ X 500 GR;peso
1247;POLPA DI POMODORO SARA' 2,5 KG;standard
1248;"TOVAGLIETTE ""A Z"" 200 PZ";standard
1249;CARTA IGIENICA INTERFOGLIATA 250 FOGLI;standard
1250;STECCONI CON MANICO 18 CM 100 PZ;standard
1251;PEPERONI SOTT'OLIO A FILETTI ITALICA 580 GR;standard
1252;MELANZANE SOTT'OLIO A FILETTI 580 GR;standard
1253;PIATTI PIANI RIUTILIZZABILI 20 X 25;standard
1254;PIATTI FONDI RIUTILIZZABILI 20 X 25;standard
1255;SPUNZILLO ROSSO 1,5 KG;standard
1256;SPUNZILLO GIALLO 1,5 KG;standard
1257;SPUNZILLO ROSSO CON ASTUCCIO;standard
1258;CASSETTA DUE PIENNOLI;standard
1259;PIENNOLO DEL VESUVIO DOP 1 KG;standard
1260;FRIARIELLI IN OLIO DI SEMI 1 KG;standard
1261;POMODORINI GIALLI 580 GR;standard
1262;SCAROLA SOTT'OLIO 580 GR;standard
1263;FRIARIELLI IN OLIO DI SEMI 580 GR;standard
1264;ZUCCA A FETTA SOTT'OLIO ITALICA 580 GR;standard
1265;PROVOLA DI BUFALA 250 GR;peso
1266;SCAROLE IN OLIO ITALICA 1 KG;standard
1267;PORCHETTA AL FORNO AFFETTATA CASA MODENA 250 GR;standard
1268;COTOLETTA DI POLLO CLASSICA AMADORI;peso
1269;NAVETTE N 2 CARTONE BIANCO 10 KG;standard
1270;SOTTILETTE AL PARMIGIANO REGGIANO 18 PZ 150 GR;standard
1271;CARTA PER FRITTI JOURNAL 20 X 32,5 CM (250 pz);standard
1272;PANETTONE CIOCCOLATO, ARANCIA E RUM + BARATTOLO CIOCCOLATO FONDENTE;standard
1273;PANETTONE  DI BUFALA AL CIOCCOLATO LA TORRACA;standard
1274;PANETTONE LIMONE, ZENZERO E MANDORLE PRALINATELA TORRACA;standard
1275;PANETTONE ALLE PELLECCHIELLE LA TORRACA 1,2 KG;standard
1277;BICCHIERI KRISTAL 50 CL;standard
1278;NOCI SGUSCIATE 500 GR;standard
1279;SALSA BBQ HEINZ BUSTINE 250 PZ X 7 ML;standard
1280;WURSTEL AIA WUDY 1 KG;standard
1282;ALGERIENNE SAUCE HEINZ SQUEEZE 875 ML;standard
